{"cameraMode":{"drawMode":0,"name":"Shaded","section":"Shading Mode"},"sceneLighting":false,"audioPlay":false,"sceneViewState":{"showFog":true,"showMaterialUpdate":false,"showSkybox":false,"showFlares":true,"showImageEffects":true,"showParticleSystems":true},"in2DMode":false,"pivot":{"x":0.02622721530497074,"y":0.05136185139417648,"z":0.047775283455848697},"rotation":{"x":-0.1567443311214447,"y":0.3874346911907196,"z":-0.06702600419521332,"w":-0.9060032367706299},"size":0.29073700308799746,"orthographic":false}