{"cameraMode":{"drawMode":0,"name":"Shaded","section":"Shading Mode"},"sceneLighting":false,"audioPlay":false,"sceneViewState":{"showFog":true,"showMaterialUpdate":false,"showSkybox":false,"showFlares":true,"showImageEffects":true,"showParticleSystems":true},"in2DMode":false,"pivot":{"x":15.96349048614502,"y":4.312447547912598,"z":-0.4661991596221924},"rotation":{"x":-0.10962177813053131,"y":0.6880402565002441,"z":-0.10631750524044037,"w":-0.7094243764877319},"size":-5.363098621368408,"orthographic":false}