{"cameraMode":{"drawMode":0,"name":"Shaded","section":"Shading Mode"},"sceneLighting":true,"audioPlay":false,"sceneViewState":{"showFog":true,"showMaterialUpdate":false,"showSkybox":true,"showFlares":true,"showImageEffects":true,"showParticleSystems":true},"in2DMode":false,"pivot":{"x":-0.4296644330024719,"y":4.697197437286377,"z":-3.5076088905334474},"rotation":{"x":-0.21605519950389863,"y":0.07342544198036194,"z":-0.016295606270432473,"w":-0.9734934568405151},"size":6.4595160484313969,"orthographic":true}