{"cameraMode":{"drawMode":0,"name":"Shaded","section":"Shading Mode"},"sceneLighting":false,"audioPlay":false,"sceneViewState":{"showFog":true,"showMaterialUpdate":false,"showSkybox":false,"showFlares":true,"showImageEffects":true,"showParticleSystems":true},"in2DMode":false,"pivot":{"x":0.699999988079071,"y":0.0,"z":0.27000001072883608},"rotation":{"x":-0.09236777573823929,"y":-0.8704418540000916,"z":0.17899510264396668,"w":-0.4491792619228363},"size":1.142641305923462,"orthographic":false}