{"cameraMode":{"drawMode":0,"name":"Shaded","section":"Shading Mode"},"sceneLighting":false,"audioPlay":false,"sceneViewState":{"showFog":true,"showMaterialUpdate":false,"showSkybox":false,"showFlares":true,"showImageEffects":true,"showParticleSystems":true},"in2DMode":false,"pivot":{"x":-2.775630474090576,"y":0.7799999713897705,"z":-3.0820186138153078},"rotation":{"x":-0.17604243755340577,"y":0.06108419597148895,"z":-0.010945632122457028,"w":-0.9824259877204895},"size":0.6123724579811096,"orthographic":false}