{"cameraMode":{"drawMode":0,"name":"Shaded","section":"Shading Mode"},"sceneLighting":false,"audioPlay":false,"sceneViewState":{"showFog":true,"showMaterialUpdate":false,"showSkybox":false,"showFlares":true,"showImageEffects":true,"showParticleSystems":true},"in2DMode":false,"pivot":{"x":-0.5630000233650208,"y":0.03099999949336052,"z":5.408999919891357},"rotation":{"x":-0.22194473445415498,"y":0.003507204819470644,"z":-0.000798257882706821,"w":-0.975054144859314},"size":0.3096717894077301,"orthographic":false}