{"cameraMode":{"drawMode":0,"name":"Shaded","section":"Shading Mode"},"sceneLighting":false,"audioPlay":false,"sceneViewState":{"showFog":true,"showMaterialUpdate":false,"showSkybox":false,"showFlares":true,"showImageEffects":true,"showParticleSystems":true},"in2DMode":false,"pivot":{"x":-0.3849131464958191,"y":0.37314096093177798,"z":7.762595176696777},"rotation":{"x":0.019496478140354158,"y":-0.014701048843562603,"z":0.0002860989479813725,"w":0.9997016191482544},"size":5.066025733947754,"orthographic":false}