{"cameraMode":{"drawMode":0,"name":"Shaded","section":"Shading Mode"},"sceneLighting":false,"audioPlay":false,"sceneViewState":{"showFog":true,"showMaterialUpdate":false,"showSkybox":false,"showFlares":true,"showImageEffects":true,"showParticleSystems":true},"in2DMode":false,"pivot":{"x":0.0,"y":0.6399999856948853,"z":-3.680000066757202},"rotation":{"x":-0.17604243755340577,"y":0.06108419597148895,"z":-0.010945632122457028,"w":-0.9824259877204895},"size":1.9756033420562745,"orthographic":false}