{"cameraMode":{"drawMode":0,"name":"Shaded","section":"Shading Mode"},"sceneLighting":false,"audioPlay":false,"sceneViewState":{"showFog":true,"showMaterialUpdate":false,"showSkybox":false,"showFlares":true,"showImageEffects":true,"showParticleSystems":true},"in2DMode":false,"pivot":{"x":-15.561193466186524,"y":-14.979385375976563,"z":-64.47169494628906},"rotation":{"x":-0.06253944337368012,"y":-0.7993104457855225,"z":0.08448739349842072,"w":-0.5916595458984375},"size":56.522499084472659,"orthographic":false}